ID;CODIGO;NOMBRE DE FAENA;NOMBRE LABOR;PRECIO;RENDIMIENTO;ID LABOR
1;CF001;PODA;PODA;$ 0,00;0;17
1;CF001;PODA;SUPERVICIÓN PODA;$ 0,00;0;18
1;CF001;PODA;PINTURA;$ 0,00;0;19
1;CF001;PODA;AMONTONAR SARMIENTO;$ 0,00;0;20
1;CF001;PODA;HACER MUGRONES;$ 0,00;0;21
1;CF001;PODA;REPASE DE PODA;$ 0,00;0;22
1;CF001;PODA;PODA SETO;$ 0,00;0;23
1;CF001;PODA;PREPODA TRACTOR;$ 0,00;0;24
1;CF001;PODA;PESO PODA;$ 0,00;0;25
1;CF001;PODA;PODA MUGRONES;$ 0,00;0;176
1;CF001;PODA;DESPUNTE DE GUIAS;$ 0,00;0;247
1;CF001;PODA;PODA DOV;$ 0,00;0;293
2;;INJERTO;PREPARACION DE PLANTA;$ 0,00;0;26
2;;INJERTO;RECOLECCION DE MATERIAL;$ 0,00;0;27
2;;INJERTO;INJERTO;$ 0,00;0;28
2;;INJERTO;REPASO INJERTO;$ 0,00;0;29
2;;INJERTO;CORTE DE CINTA;$ 0,00;0;30
2;;INJERTO;ARMADO DE PAQUETE;$ 0,00;0;294
3;CF002;ATADA;ATADA BARBECHO;$ 0,00;0;31
3;CF002;ATADA;ATADA;$ 0,00;0;32
3;CF002;ATADA;COLGAR PLANTA;$ 0,00;0;33
3;CF002;ATADA;SUPERVICIÓN ATADA;$ 0,00;0;141
3;CF002;ATADA;ATADO CUERPO CEPA;$ 0,00;0;183
3;CF002;ATADA;ATADA DE INJERTO 1;$ 0,00;0;208
3;CF002;ATADA;ATADA DE INJERTO 2;$ 0,00;0;209
3;CF002;ATADA;ATADA DE INJERTO 3;$ 0,00;0;210
4; CF004;TRABAJOS VERDE;ACOMODO DE BROTES;$ 0,00;0;42
4; CF004;TRABAJOS VERDE;ACOMODO DE BROTES;$ 0,00;0;43
4; CF004;TRABAJOS VERDE;DESBROTE DE TRONCO 1;$ 0,00;0;44
4; CF004;TRABAJOS VERDE;DESBROTE DE TRONCO 2;$ 0,00;0;45
4; CF004;TRABAJOS VERDE;DESHOJE;$ 0,00;0;46
4; CF004;TRABAJOS VERDE;DESBROTE DE TRONCO 3;$ 0,00;0;47
4; CF004;TRABAJOS VERDE;DESBROTE DE TRONCO 4;$ 0,00;0;48
4; CF004;TRABAJOS VERDE;DESBROTE DE TRONCO 5;$ 0,00;0;49
4; CF004;TRABAJOS VERDE;DESBROTE DE TRONCO 6;$ 0,00;0;146
4; CF004;TRABAJOS VERDE;MUGRONES;$ 0,00;0;147
4; CF004;TRABAJOS VERDE;DESBROTE DE TRONCO;$ 0,00;0;149
4; CF004;TRABAJOS VERDE;ATADO CUERPO CEPA;$ 0,00;0;150
4; CF004;TRABAJOS VERDE;RETAPADO;$ 0,00;0;151
4; CF004;TRABAJOS VERDE;DESNIETE, DESHOJE;$ 0,00;0;181
4; CF004;TRABAJOS VERDE;RALEO DE RACIMOS(30CM);$ 0,00;0;182
4; CF004;TRABAJOS VERDE;DESBROTE DOV 1;$ 0,00;0;201
4; CF004;TRABAJOS VERDE;DESBROTE DOV 2;$ 0,00;0;202
4; CF004;TRABAJOS VERDE;DESBROTE DOV 3;$ 0,00;0;203
4; CF004;TRABAJOS VERDE;DESBROTE CON CRITERIO DE PODA;$ 0,00;0;204
4; CF004;TRABAJOS VERDE;DESBROTE DE PLANTAS REINJERTADAS 1;$ 0,00;0;205
4; CF004;TRABAJOS VERDE;DESBROTE DE PLANTAS REINJERTADAS 2;$ 0,00;0;206
4; CF004;TRABAJOS VERDE;DESBROTE DE PLANTAS REINJERTADAS 3;$ 0,00;0;207
4; CF004;TRABAJOS VERDE;ACOMODO DE BROTE POST ZONDA;$ 0,00;0;219
4; CF004;TRABAJOS VERDE;DESBROTE DE TRONCO 7;$ 0,00;0;232
4; CF004;TRABAJOS VERDE;DESBROTE DE TRONCO 8;$ 0,00;0;233
4; CF004;TRABAJOS VERDE;DESBROTE DE TRONCO 9;$ 0,00;0;241
4; CF004;TRABAJOS VERDE;DESBROTE DE TRONCO 10;$ 0,00;0;245
4; CF004;TRABAJOS VERDE;DESBROTE DE PLANTAS REINJERTADAS 4;$ 0,00;0;296
5;CF003;APLICACIONES;FERTILIZACION;$ 0,00;0;34
5;CF003;APLICACIONES;HERBICIDA MOCHILA;$ 0,00;0;35
5;CF003;APLICACIONES;FITOSANITARIO;$ 0,00;0;36
5;CF003;APLICACIONES;HERBICIDA ATOMIZADORA;$ 0,00;0;37
5;CF003;APLICACIONES;FERTILIZANTE FOLIAR ATOMIZADORA;$ 0,00;0;38
5;CF003;APLICACIONES;ENMIENDAS AL SUELO;$ 0,00;0;39
5;CF003;APLICACIONES;DESMANCHE;$ 0,00;0;40
5;CF003;APLICACIONES;DOSIFICADOR;$ 0,00;0;41
5;CF003;APLICACIONES;COMPLETO;$ 0,00;0;177
5;CF003;APLICACIONES;LA BANDA;$ 0,00;0;178
5;CF003;APLICACIONES;RIENDAS;$ 0,00;0;179
5;CF003;APLICACIONES;AF - BROTE 10;$ 0,00;0;249
5;CF003;APLICACIONES;AF - BROTE 20;$ 0,00;0;250
5;CF003;APLICACIONES;AF - BROTE 40;$ 0,00;0;251
5;CF003;APLICACIONES;AF - BROTE 60;$ 0,00;0;252
5;CF003;APLICACIONES;AF - PREFLOR;$ 0,00;0;253
5;CF003;APLICACIONES;AF - FLOR;$ 0,00;0;254
5;CF003;APLICACIONES;AF - FLOR 1;$ 0,00;0;255
5;CF003;APLICACIONES;AF - G. PIMIENTA;$ 0,00;0;256
5;CF003;APLICACIONES;AF - G 8-10 MM;$ 0,00;0;257
5;CF003;APLICACIONES;AF - PRE-ENVERO;$ 0,00;0;258
5;CF003;APLICACIONES;AF - PRE-ENVERO 1;$ 0,00;0;261
5;CF003;APLICACIONES;AF - ENVERO;$ 0,00;0;262
5;CF003;APLICACIONES;AF - PRECOSECHA;$ 0,00;0;263
5;CF003;APLICACIONES;AF - COSECHA;$ 0,00;0;264
5;CF003;APLICACIONES;AF - COSECHA 1;$ 0,00;0;265
5;CF003;APLICACIONES;AF - COSECHA 2;$ 0,00;0;266
5;CF003;APLICACIONES;AF - POST-COSECHA;$ 0,00;0;267
5;CF003;APLICACIONES;AF - POST-COSECHA 1;$ 0,00;0;268
5;CF003;APLICACIONES;AF - POST-COSECHA 2;$ 0,00;0;269
5;CF003;APLICACIONES;AF - POST-COSECHA 3;$ 0,00;0;270
5;CF003;APLICACIONES;AF-DRON;$ 0,00;0;297
6;CF005;COSECHA;COSECHA CAJONES;$ 0,00;0;50
6;CF005;COSECHA;COSECHA BINES;$ 300,00;0;51
6;CF005;COSECHA;SUPERVISION COSECHA;$ 0,00;0;52
6;CF005;COSECHA;COSECHA MECANICA;$ 0,00;0;53
6;CF005;COSECHA;TRACTORISTA UÑAS;$ 0,00;0;54
6;CF005;COSECHA;LIMPIEZA BINS;$ 0,00;0;55
6;CF005;COSECHA;TRACTORISTA CARRO;$ 0,00;0;56
6;CF005;COSECHA;TRACTO ELEVADOR;$ 0,00;0;57
6;CF005;COSECHA;LIMPIEZA CAJONES;$ 0,00;0;58
6;CF005;COSECHA;REPARACION ENVASES;$ 0,00;0;59
6;CF005;COSECHA;TRACTORISTA REGADOR;$ 0,00;0;60
6;CF005;COSECHA;COSECHA KG 1;$ 0,00;0;155
6;CF005;COSECHA;COSECHA BINS (DIA);$ 0,00;0;172
6;CF005;COSECHA;ANOTADOR COSECHA;$ 0,00;0;173
6;CF005;COSECHA;ENCARGADO;$ 0,00;0;174
6;CF005;COSECHA;COSECHA CARRO;$ 0,00;0;185
6;CF005;COSECHA;COSECHA DOV;$ 0,00;0;187
6;CF005;COSECHA;CONTROL;$ 0,00;0;188
6;CF005;COSECHA;TENDIDO 1;$ 0,00;0;215
6;CF005;COSECHA;TENDIDO 2;$ 0,00;0;216
6;CF005;COSECHA;TENDIDO 3;$ 0,00;0;217
6;CF005;COSECHA;TENDIDO 4;$ 0,00;0;218
6;CF005;COSECHA;CORTE DOV;$ 0,00;0;220
6;CF005;COSECHA;COSECHA KG 2;$ 0,00;0;225
6;CF005;COSECHA;COSECHA KG 3;$ 0,00;0;226
6;CF005;COSECHA;COSECHA KG 4;$ 0,00;0;227
6;CF005;COSECHA;LEVANTADO 1;$ 0,00;0;228
6;CF005;COSECHA;LEVANTADO 2;$ 0,00;0;229
6;CF005;COSECHA;LEVANTADO 3;$ 0,00;0;230
6;CF005;COSECHA;LEVANTADO 4;$ 0,00;0;231
6;CF005;COSECHA;FICHERO;$ 0,00;0;237
6;CF005;COSECHA;TRACTORISTA ACOPLADO;$ 0,00;0;242
6;CF005;COSECHA;COSECHA GAMELAS;$ 0,00;0;276
6;CF005;COSECHA;COSECHA DOV BINS;$ 0,00;0;277
6;CF005;COSECHA;COSECHA KG 5;$ 0,00;0;289
6;CF005;COSECHA;LEVANTADO 5;$ 0,00;0;290
6;CF005;COSECHA;COSECHA REPASO;$ 0,00;0;291
6;CF005;COSECHA;COSECHA REPASO BINS;$ 0,00;0;292
7;;SECADERO;PESAJE;$ 0,00;0;61
7;;SECADERO;TRACTORISTA UÑAS;$ 0,00;0;62
7;;SECADERO;TRACTORISTA CARRO;$ 0,00;0;63
7;;SECADERO;TRACTO ELEVADOR;$ 0,00;0;64
7;;SECADERO;TRACTORISTA REGADOR;$ 0,00;0;65
7;;SECADERO;SUPERVISION;$ 0,00;0;66
7;;SECADERO;TENDER LONAS;$ 0,00;0;67
7;;SECADERO;REPARAR LONAS;$ 0,00;0;68
7;;SECADERO;LEVANTAR LONAS;$ 0,00;0;69
7;;SECADERO;TENDER UVA DE CAJONES;$ 0,00;0;70
7;;SECADERO;ESPARCIR UVA BINES;$ 0,00;0;71
7;;SECADERO;ACORDONAR LA PASA;$ 0,00;0;72
7;;SECADERO;ABRIR LA PASA;$ 0,00;0;73
7;;SECADERO;CURAR LA PASA;$ 0,00;0;74
7;;SECADERO;DESCARGA DE CAMIONES;$ 0,00;0;75
7;;SECADERO;ARMAR Y DESARMAR ESTRUCTURAS;$ 0,00;0;76
7;;SECADERO;SERENO;$ 0,00;0;77
7;;SECADERO;LEVANTAR PASA;$ 0,00;0;138
7;;SECADERO;TRACTORIASTA VOLCADOR;$ 0,00;0;156
7;;SECADERO;CINCELADO DE PIEDRAS;$ 0,00;0;157
7;;SECADERO;TRACTORITA GENERAL;$ 0,00;0;162
7;;SECADERO;VOLTEAR PASA;$ 0,00;0;168
7;;SECADERO;DESPARAMAR UVA;$ 0,00;0;186
7;;SECADERO;LIMPIEZA DE SECADERO;$ 0,00;0;223
7;;SECADERO;CORTAR LONAS;$ 0,00;0;238
7;;SECADERO;TRACTORISTA ACOPLADO;$ 0,00;0;240
8;;PLANTACIONES NUEVAS;HOYADO;$ 0,00;0;143
8;;PLANTACIONES NUEVAS;PLANTACIÓN;$ 0,00;0;144
8;;PLANTACIONES NUEVAS;RETAPADO;$ 0,00;0;184
8;;PLANTACIONES NUEVAS;DESBROTE DE PLANTAS NUEVAS 1;$ 0,00;0;193
8;;PLANTACIONES NUEVAS;DESBROTE DE PLANTAS NUEVAS 2;$ 0,00;0;194
8;;PLANTACIONES NUEVAS;DESBROTE DE PLANTAS NUEVAS 3;$ 0,00;0;
